,Bayesian CNN,Classical CNN,epoch
0,10.105055025859349,20.466015553879863,1
