,Bayesian CNN,Classical CNN
0,73.58916187286377,40.2504448890686
