,Bayesian CNN,Classical CNN,epoch
0,9.39509936358544,20.662294340010693,1
