,Bayesian CNN,Classical CNN,epoch
0,0.3946862427890301,0.025296462792903186,1
