,Bayesian CNN,Classical CNN,epoch
0,0.48000382468104363,0.02497849046252668,1
