,Bayesian CNN,Classical CNN,epoch
0,0.062080134442448615,0.005757750255567953,1
