,Bayesian CNN,Classical CNN,epoch
0,19.044984007884835,23.628695514847085,1
