,Bayesian CNN,Classical CNN
0,9.002308397116053,21.03517391978737
1,10.877380381995149,22.573646060460597
2,11.974739807001935,23.395767968279234
