,Bayesian CNN,Classical CNN
0,9.492031640648973,20.72736783158236
