,Bayesian CNN,Classical CNN,epoch
0,9.63582217183627,21.08839879808332,1
