,Bayesian CNN,Classical CNN,epoch
0,0.42474446564912793,0.028142535388469697,1
